{
    "average_times": {
        "simple": 17616.333333333332,
        "with_hints": 16201.714285714286,
        "with_hints_and_doc": 12493.149253731342,
        "with_cot_and_doc": 11942.957142857143,
        "with_cot": 19666.72857142857,
        "simple_with_doc": 13263.7
    },
    "median_times": {
        "simple": 11465,
        "with_hints": 8057,
        "with_hints_and_doc": 6929,
        "with_cot_and_doc": 8123,
        "with_cot": 12971,
        "simple_with_doc": 6987
    },
    "all_times": {
        "simple": [
            6972,
            6961,
            6973,
            6994,
            6958,
            6925,
            6936,
            6899,
            6927,
            6947,
            2399,
            2390,
            2421,
            2401,
            2417,
            13621,
            12479,
            13882,
            12785,
            13473,
            5419,
            40000,
            40000,
            40000,
            40000,
            2433,
            2458,
            40000,
            40000,
            40000,
            2601,
            4576,
            5454,
            2785,
            11469,
            11507,
            11497,
            11465,
            8935,
            15935,
            9028,
            7928,
            9022,
            10916,
            40000,
            40000,
            40000,
            40000,
            40000,
            40000,
            40000,
            19367,
            40000,
            40000,
            2932,
            3563,
            3526,
            4183,
            2511,
            13980,
            9447,
            12854,
            9388,
            12588,
            40000,
            40000,
            40000,
            40000,
            40000
        ],
        "with_hints": [
            6964,
            6984,
            7008,
            6953,
            6971,
            6901,
            6934,
            6957,
            6932,
            6936,
            2407,
            2408,
            2421,
            2402,
            2396,
            13522,
            14140,
            13025,
            13278,
            13201,
            40000,
            40000,
            40000,
            40000,
            40000,
            2404,
            2431,
            40000,
            2449,
            2435,
            2440,
            2169,
            2324,
            3494,
            2516,
            10889,
            7641,
            8146,
            8005,
            9272,
            8032,
            8057,
            7976,
            8025,
            8136,
            40000,
            40000,
            40000,
            40000,
            40000,
            40000,
            40000,
            40000,
            40000,
            3740,
            2821,
            2852,
            2125,
            2756,
            2545,
            9328,
            13154,
            12671,
            12939,
            13608,
            40000,
            40000,
            40000,
            40000,
            40000
        ],
        "with_hints_and_doc": [
            6948,
            6989,
            7031,
            6967,
            7011,
            6929,
            6927,
            6954,
            6912,
            6909,
            2425,
            2281,
            2349,
            2382,
            2411,
            8330,
            6472,
            6720,
            5875,
            9784,
            40000,
            40000,
            5471,
            4760,
            15805,
            2328,
            2238,
            2431,
            2288,
            2261,
            2185,
            3133,
            5006,
            2369,
            2411,
            9018,
            10300,
            8295,
            11395,
            8234,
            9016,
            11578,
            40000,
            40000,
            40000,
            40000,
            40000,
            2621,
            4256,
            40000,
            3187,
            2649,
            2733,
            2698,
            2521,
            2856,
            2524,
            13613,
            9200,
            14050,
            8289,
            6716,
            40000,
            40000,
            40000,
            40000,
            40000
        ],
        "with_cot_and_doc": [
            6974,
            6963,
            6955,
            6982,
            6977,
            6929,
            6905,
            6945,
            6911,
            6960,
            2309,
            2275,
            2224,
            40000,
            2276,
            14509,
            8351,
            8776,
            14454,
            9181,
            9751,
            2673,
            12987,
            3944,
            10435,
            2354,
            2374,
            2475,
            2275,
            2281,
            3187,
            2190,
            40000,
            1879,
            1943,
            8349,
            8398,
            8110,
            8127,
            8123,
            8216,
            8584,
            8484,
            8219,
            8216,
            40000,
            40000,
            40000,
            40000,
            40000,
            6015,
            2307,
            3488,
            40000,
            2390,
            2950,
            4043,
            2965,
            2916,
            2859,
            12906,
            12848,
            12405,
            9404,
            13683,
            14663,
            12735,
            40000,
            40000,
            40000
        ],
        "with_cot": [
            6985,
            6956,
            6966,
            6969,
            6980,
            6916,
            6943,
            6923,
            6924,
            6928,
            40000,
            40000,
            40000,
            40000,
            1101,
            12326,
            13378,
            13986,
            13580,
            13520,
            15531,
            7674,
            40000,
            10244,
            40000,
            40000,
            40000,
            1115,
            40000,
            1116,
            4537,
            40000,
            3925,
            4940,
            40000,
            8019,
            7997,
            7985,
            40000,
            8020,
            9368,
            8148,
            9060,
            8114,
            7794,
            40000,
            40000,
            40000,
            40000,
            40000,
            10557,
            40000,
            9955,
            40000,
            40000,
            3368,
            2962,
            2740,
            2905,
            3029,
            40000,
            13859,
            13541,
            12971,
            13828,
            40000,
            40000,
            40000,
            40000,
            25988
        ],